{"cameraMode":{"drawMode":0,"name":"Shaded","section":"Shading Mode"},"sceneLighting":true,"audioPlay":false,"sceneViewState":{"showFog":true,"showMaterialUpdate":false,"showSkybox":true,"showFlares":true,"showImageEffects":true,"showParticleSystems":true},"in2DMode":false,"pivot":{"x":-0.7129789590835571,"y":-0.9013906717300415,"z":-7.734797477722168},"rotation":{"x":0.0017910210881382228,"y":0.9941613078117371,"z":-0.10659164190292359,"w":0.01670445315539837},"size":10.0,"orthographic":false}