{"cameraMode":{"drawMode":0,"name":"Shaded","section":"Shading Mode"},"sceneLighting":true,"audioPlay":false,"sceneViewState":{"showFog":true,"showMaterialUpdate":false,"showSkybox":true,"showFlares":true,"showImageEffects":true,"showParticleSystems":true},"in2DMode":false,"pivot":{"x":-1.955773115158081,"y":0.5655815601348877,"z":-1.0935577154159547},"rotation":{"x":-0.04474171996116638,"y":0.9477797746658325,"z":-0.15373949706554414,"w":-0.2758236825466156},"size":3.895132541656494,"orthographic":false}