{"cameraMode":{"drawMode":0,"name":"Shaded","section":"Shading Mode"},"sceneLighting":true,"audioPlay":false,"sceneViewState":{"showFog":true,"showMaterialUpdate":false,"showSkybox":true,"showFlares":true,"showImageEffects":true,"showParticleSystems":true},"in2DMode":false,"pivot":{"x":-7.001996040344238,"y":-2.185246229171753,"z":0.10566659271717072},"rotation":{"x":-0.13065661489963532,"y":0.7163928151130676,"z":-0.1394929736852646,"w":-0.6710096597671509},"size":10.0,"orthographic":false}