{"cameraMode":{"drawMode":0,"name":"Shaded","section":"Shading Mode"},"sceneLighting":false,"audioPlay":false,"sceneViewState":{"showFog":true,"showMaterialUpdate":false,"showSkybox":false,"showFlares":true,"showImageEffects":true,"showParticleSystems":true},"in2DMode":false,"pivot":{"x":-0.08612745255231857,"y":-0.11052525043487549,"z":0.1054140105843544},"rotation":{"x":0.007632912136614323,"y":0.9728276133537293,"z":-0.22912561893463136,"w":0.0324079766869545},"size":0.7164353132247925,"orthographic":false}