{"cameraMode":{"drawMode":0,"name":"Shaded","section":"Shading Mode"},"sceneLighting":true,"audioPlay":false,"sceneViewState":{"showFog":true,"showMaterialUpdate":false,"showSkybox":true,"showFlares":true,"showImageEffects":true,"showParticleSystems":true},"in2DMode":false,"pivot":{"x":10.537290573120118,"y":6.395627021789551,"z":6.291225433349609},"rotation":{"x":-0.16801364719867707,"y":0.8012968897819519,"z":-0.2640388309955597,"w":-0.5098817348480225},"size":10.0,"orthographic":false}