{"cameraMode":{"drawMode":0,"name":"Shaded","section":"Shading Mode"},"sceneLighting":true,"audioPlay":false,"sceneViewState":{"showFog":true,"showMaterialUpdate":false,"showSkybox":true,"showFlares":true,"showImageEffects":true,"showParticleSystems":true},"in2DMode":false,"pivot":{"x":10.922204971313477,"y":3.4845046997070314,"z":3.709726333618164},"rotation":{"x":-0.14548632502555848,"y":0.7140738368034363,"z":-0.15579384565353394,"w":-0.6668300628662109},"size":10.449999809265137,"orthographic":false}